x,y
0.0167,0.0403
0.0333,0.0605
0.05,0.1008
0.0667,0.1411
0.0833,0.1613
0.1,0.2016
0.1167,0.2419
0.1333,0.2621
0.15,0.3024
0.1667,0.3226
0.1833,0.3629
0.2,0.4032
0.2167,0.4234
0.2333,0.4637
0.25,0.504
0.2667,0.5242
0.2833,0.5645
0.3,0.6048
0.3167,0.625
0.3333,0.6653
0.35,0.7056
0.3667,0.7258
0.3833,0.7661
0.4,0.8065
0.4167,0.8266
0.4333,0.8669
0.45,0.9073
0.4667,0.9274
0.4833,0.9677
0.5,0.9879
0.5167,1.0282
0.5333,1.0685
0.55,1.0887
0.5667,1.129
0.5833,1.1694
0.6,1.1895
0.6167,1.2298
0.6333,1.2702
0.65,1.2903
0.6667,1.3306
0.6833,1.371
0.7,1.3911
0.7167,1.4315
0.7333,1.4718
0.75,1.4919
0.7667,1.5323
0.7833,1.5726
0.8,1.5927
0.8167,1.6331
0.8333,1.6532
0.85,1.6935
0.8667,1.7339
0.8833,1.754
0.9,1.7944
0.9167,1.8347
0.9333,1.8548
0.95,1.8952
0.9667,1.9355
0.9833,1.9556
1.0,1.996
1.0167,2.0363
1.0333,2.0565
1.05,2.0968
1.0667,2.1371
1.0833,2.1573
1.1,2.1976
1.1167,2.2379
1.1333,2.2581
1.15,2.2984
1.1667,2.3185
1.1833,2.3589
1.2,2.3992
1.2167,2.4194
1.2333,2.4597
1.25,2.5
1.2667,2.5202
1.2833,2.5605
1.3,2.6008
1.3167,2.621
1.3333,2.6613
1.35,2.7016
1.3667,2.7218
1.3833,2.7621
1.4,2.8024
1.4167,2.8226
1.4333,2.8629
1.45,2.9032
1.4667,2.9234
1.4833,2.9637
1.5,2.9839
1.5167,3.0242
1.5333,3.0645
1.55,3.0847
1.5667,3.125
1.5833,3.1653
1.6,3.1855
1.6167,3.2258
1.6333,3.2661
1.65,3.2863
1.6667,3.3266
1.6833,3.3669
1.7,3.3871
1.7167,3.4274
1.7333,3.4677
1.75,3.4879
1.7667,3.5282
1.7833,3.5685
1.8,3.5887
1.8167,3.629
1.8333,3.6492
1.85,3.6895
1.8667,3.7298
1.8833,3.75
1.9,3.7903
1.9167,3.8306
1.9333,3.8508
1.95,3.8911
1.9667,3.9315
1.9833,3.9516
2.0,3.9919
2.0167,4.0323
2.0333,4.0524
2.05,4.0927
2.0667,4.1331
2.0833,4.1532
2.1,4.1935
2.1167,4.2339
2.1333,4.254
2.15,4.2944
2.1667,4.3145
2.1833,4.3548
2.2,4.3952
2.2167,4.4153
2.2333,4.4556
2.25,4.496
2.2667,4.5161
2.2833,4.5565
2.3,4.5968
2.3167,4.6169
2.3333,4.6573
2.35,4.6976
2.3667,4.7177
2.3833,4.7581
2.4,4.7984
2.4167,4.8185
2.4333,4.8589
2.45,4.8992
2.4667,4.9194
2.4833,4.9597
2.5,5.0
2.5167,5.0202
2.5333,5.0605
2.55,5.0806
2.5667,5.121
2.5833,5.1613
2.6,5.1815
2.6167,5.2218
2.6333,5.2621
2.65,5.2823
2.6667,5.3226
2.6833,5.3629
2.7,5.3831
2.7167,5.4234
2.7333,5.4637
2.75,5.4839
2.7667,5.5242
2.7833,5.5645
2.8,5.5847
2.8167,5.625
2.8333,5.6653
2.85,5.6855
2.8667,5.7258
2.8833,5.7661
2.9,5.7863
2.9167,5.8266
2.9333,5.8669
2.95,5.8871
2.9667,5.9274
2.9833,5.9476
3.0,5.9879
3.0167,6.0282
3.0333,6.0484
3.05,6.0887
3.0667,6.129
3.0833,6.1492
3.1,6.1895
3.1167,6.2298
3.1333,6.25
3.15,6.2903
3.1667,6.3306
3.1833,6.3508
3.2,6.3911
3.2167,6.4315
3.2333,6.4516
3.25,6.4919
3.2667,6.5323
3.2833,6.5524
3.3,6.5927
3.3167,6.6331
3.3333,6.6532
3.35,6.6935
3.3667,6.7339
3.3833,6.754
3.4,6.7944
3.4167,6.8145
3.4333,6.8548
3.45,6.8952
3.4667,6.9153
3.4833,6.9556
3.5,6.996
3.5167,7.0161
3.5333,7.0565
3.55,7.0968
3.5667,7.1169
3.5833,7.1573
3.6,7.1976
3.6167,7.2177
3.6333,7.2581
3.65,7.2984
3.6667,7.3185
3.6833,7.3589
3.7,7.3992
3.7167,7.4194
3.7333,7.4597
3.75,7.5
3.7667,7.5202
3.7833,7.5605
3.8,7.6008
3.8167,7.621
3.8333,7.6613
3.85,7.7016
3.8667,7.7218
3.8833,7.7621
3.9,7.7823
3.9167,7.8226
3.9333,7.8629
3.95,7.8831
3.9667,7.9234
3.9833,7.9637
4.0,7.9839
4.0167,8.0242
4.0333,8.0645
4.05,8.0847
4.0667,8.125
4.0833,8.1653
4.1,8.1855
4.1167,8.2258
4.1333,8.2661
4.15,8.2863
4.1667,8.3266
4.1833,8.3669
4.2,8.3871
4.2167,8.4274
4.2333,8.4677
4.25,8.4879
4.2667,8.5282
4.2833,8.5685
4.3,8.5887
4.3167,8.629
4.3333,8.6694
4.35,8.6895
4.3667,8.7298
4.3833,8.7702
4.4,8.7903
4.4167,8.8306
4.4333,8.871
4.45,8.8911
4.4667,8.9315
4.4833,8.9718
4.5,8.9919
4.5167,9.0323
4.5333,9.0726
4.55,9.0927
4.5667,9.1331
4.5833,9.1532
4.6,9.1935
4.6167,9.2339
4.6333,9.254
4.65,9.2944
4.6667,9.3347
4.6833,9.3548
4.7,9.3952
4.7167,9.4355
4.7333,9.4556
4.75,9.496
4.7667,9.5363
4.7833,9.5565
4.8,9.5968
4.8167,9.6371
4.8333,9.6573
4.85,9.6976
4.8667,9.7379
4.8833,9.7581
4.9,9.7984
4.9167,9.8387
4.9333,9.8589
4.95,9.8992
4.9667,9.9395
4.9833,9.9597
5.0,10.0
5.0167,9.9597
5.0333,9.9395
5.05,9.8992
5.0667,9.8589
5.0833,9.8387
5.1,9.7984
5.1167,9.7581
5.1333,9.7379
5.15,9.6976
5.1667,9.6573
5.1833,9.6371
5.2,9.5968
5.2167,9.5565
5.2333,9.5363
5.25,9.496
5.2667,9.4556
5.2833,9.4355
5.3,9.3952
5.3167,9.3548
5.3333,9.3347
5.35,9.2944
5.3667,9.254
5.3833,9.2339
5.4,9.1935
5.4167,9.1532
5.4333,9.1331
5.45,9.0927
5.4667,9.0726
5.4833,9.0323
5.5,8.9919
5.5167,8.9718
5.5333,8.9315
5.55,8.8911
5.5667,8.871
5.5833,8.8306
5.6,8.7903
5.6167,8.7702
5.6333,8.7298
5.65,8.6895
5.6667,8.6694
5.6833,8.629
5.7,8.5887
5.7167,8.5685
5.7333,8.5282
5.75,8.4879
5.7667,8.4677
5.7833,8.4274
5.8,8.3871
5.8167,8.3669
5.8333,8.3266
5.85,8.2863
5.8667,8.2661
5.8833,8.2258
5.9,8.1855
5.9167,8.1653
5.9333,8.125
5.95,8.0847
5.9667,8.0645
5.9833,8.0242
6.0,7.9839
6.0167,7.9637
6.0333,7.9234
6.05,7.8831
6.0667,7.8629
6.0833,7.8226
6.1,7.7823
6.1167,7.7621
6.1333,7.7218
6.15,7.7016
6.1667,7.6613
6.1833,7.621
6.2,7.6008
6.2167,7.5605
6.2333,7.5202
6.25,7.5
6.2667,7.4597
6.2833,7.4194
6.3,7.3992
6.3167,7.3589
6.3333,7.3185
6.35,7.2984
6.3667,7.2581
6.3833,7.2177
6.4,7.1976
6.4167,7.1573
6.4333,7.1169
6.45,7.0968
6.4667,7.0565
6.4833,7.0161
6.5,6.996
6.5167,6.9556
6.5333,6.9153
6.55,6.8952
6.5667,6.8548
6.5833,6.8145
6.6,6.7944
6.6167,6.754
6.6333,6.7339
6.65,6.6935
6.6667,6.6532
6.6833,6.6331
6.7,6.5927
6.7167,6.5524
6.7333,6.5323
6.75,6.4919
6.7667,6.4516
6.7833,6.4315
6.8,6.3911
6.8167,6.3508
6.8333,6.3306
6.85,6.2903
6.8667,6.25
6.8833,6.2298
6.9,6.1895
6.9167,6.1492
6.9333,6.129
6.95,6.0887
6.9667,6.0484
6.9833,6.0282
7.0,5.9879
7.0167,5.9476
7.0333,5.9274
7.05,5.8871
7.0667,5.8669
7.0833,5.8266
7.1,5.7863
7.1167,5.7661
7.1333,5.7258
7.15,5.6855
7.1667,5.6653
7.1833,5.625
7.2,5.5847
7.2167,5.5645
7.2333,5.5242
7.25,5.4839
7.2667,5.4637
7.2833,5.4234
7.3,5.3831
7.3167,5.3629
7.3333,5.3226
7.35,5.2823
7.3667,5.2621
7.3833,5.2218
7.4,5.1815
7.4167,5.1613
7.4333,5.121
7.45,5.0806
7.4667,5.0605
7.4833,5.0202
7.5,5.0
7.5167,4.9597
7.5333,4.9194
7.55,4.8992
7.5667,4.8589
7.5833,4.8185
7.6,4.7984
7.6167,4.7581
7.6333,4.7177
7.65,4.6976
7.6667,4.6573
7.6833,4.6169
7.7,4.5968
7.7167,4.5565
7.7333,4.5161
7.75,4.496
7.7667,4.4556
7.7833,4.4153
7.8,4.3952
7.8167,4.3548
7.8333,4.3145
7.85,4.2944
7.8667,4.254
7.8833,4.2339
7.9,4.1935
7.9167,4.1532
7.9333,4.1331
7.95,4.0927
7.9667,4.0524
7.9833,4.0323
8.0,3.9919
8.0167,3.9516
8.0333,3.9315
8.05,3.8911
8.0667,3.8508
8.0833,3.8306
8.1,3.7903
8.1167,3.75
8.1333,3.7298
8.15,3.6895
8.1667,3.6492
8.1833,3.629
8.2,3.5887
8.2167,3.5685
8.2333,3.5282
8.25,3.4879
8.2667,3.4677
8.2833,3.4274
8.3,3.3871
8.3167,3.3669
8.3333,3.3266
8.35,3.2863
8.3667,3.2661
8.3833,3.2258
8.4,3.1855
8.4167,3.1653
8.4333,3.125
8.45,3.0847
8.4667,3.0645
8.4833,3.0242
8.5,2.9839
8.5167,2.9637
8.5333,2.9234
8.55,2.9032
8.5667,2.8629
8.5833,2.8226
8.6,2.8024
8.6167,2.7621
8.6333,2.7218
8.65,2.7016
8.6667,2.6613
8.6833,2.621
8.7,2.6008
8.7167,2.5605
8.7333,2.5202
8.75,2.5
8.7667,2.4597
8.7833,2.4194
8.8,2.3992
8.8167,2.3589
8.8333,2.3185
8.85,2.2984
8.8667,2.2581
8.8833,2.2379
8.9,2.1976
8.9167,2.1573
8.9333,2.1371
8.95,2.0968
8.9667,2.0565
8.9833,2.0363
9.0,1.996
9.0167,1.9556
9.0333,1.9355
9.05,1.8952
9.0667,1.8548
9.0833,1.8347
9.1,1.7944
9.1167,1.754
9.1333,1.7339
9.15,1.6935
9.1667,1.6532
9.1833,1.6331
9.2,1.5927
9.2167,1.5726
9.2333,1.5323
9.25,1.4919
9.2667,1.4718
9.2833,1.4315
9.3,1.3911
9.3167,1.371
9.3333,1.3306
9.35,1.2903
9.3667,1.2702
9.3833,1.2298
9.4,1.1895
9.4167,1.1694
9.4333,1.129
9.45,1.0887
9.4667,1.0685
9.4833,1.0282
9.5,0.9879
9.5167,0.9677
9.5333,0.9274
9.55,0.9073
9.5667,0.8669
9.5833,0.8266
9.6,0.8065
9.6167,0.7661
9.6333,0.7258
9.65,0.7056
9.6667,0.6653
9.6833,0.625
9.7,0.6048
9.7167,0.5645
9.7333,0.5242
9.75,0.504
9.7667,0.4637
9.7833,0.4234
9.8,0.4032
9.8167,0.3629
9.8333,0.3226
9.85,0.3024
9.8667,0.2621
9.8833,0.2419
9.9,0.2016
9.9167,0.1613
9.9333,0.1411
9.95,0.1008
9.9667,0.0605
9.9833,0.0403
10.0,0.0
10.0167,-0.0403
10.0333,-0.0605
10.05,-0.1008
10.0667,-0.1411
10.0833,-0.1613
10.1,-0.2016
10.1167,-0.2419
10.1333,-0.2621
10.15,-0.3024
10.1667,-0.3226
10.1833,-0.3629
10.2,-0.4032
10.2167,-0.4234
10.2333,-0.4637
10.25,-0.504
10.2667,-0.5242
10.2833,-0.5645
10.3,-0.6048
10.3167,-0.625
10.3333,-0.6653
10.35,-0.7056
10.3667,-0.7258
10.3833,-0.7661
10.4,-0.8065
10.4167,-0.8266
10.4333,-0.8669
10.45,-0.9073
10.4667,-0.9274
10.4833,-0.9677
10.5,-0.9879
10.5167,-1.0282
10.5333,-1.0685
10.55,-1.0887
10.5667,-1.129
10.5833,-1.1694
10.6,-1.1895
10.6167,-1.2298
10.6333,-1.2702
10.65,-1.2903
10.6667,-1.3306
10.6833,-1.371
10.7,-1.3911
10.7167,-1.4315
10.7333,-1.4718
10.75,-1.4919
10.7667,-1.5323
10.7833,-1.5726
10.8,-1.5927
10.8167,-1.6331
10.8333,-1.6532
10.85,-1.6935
10.8667,-1.7339
10.8833,-1.754
10.9,-1.7944
10.9167,-1.8347
10.9333,-1.8548
10.95,-1.8952
10.9667,-1.9355
10.9833,-1.9556
11.0,-1.996
11.0167,-2.0363
11.0333,-2.0565
11.05,-2.0968
11.0667,-2.1371
11.0833,-2.1573
11.1,-2.1976
11.1167,-2.2379
11.1333,-2.2581
11.15,-2.2984
11.1667,-2.3185
11.1833,-2.3589
11.2,-2.3992
11.2167,-2.4194
11.2333,-2.4597
11.25,-2.5
11.2667,-2.5202
11.2833,-2.5605
11.3,-2.6008
11.3167,-2.621
11.3333,-2.6613
11.35,-2.7016
11.3667,-2.7218
11.3833,-2.7621
11.4,-2.8024
11.4167,-2.8226
11.4333,-2.8629
11.45,-2.9032
11.4667,-2.9234
11.4833,-2.9637
11.5,-2.9839
11.5167,-3.0242
11.5333,-3.0645
11.55,-3.0847
11.5667,-3.125
11.5833,-3.1653
11.6,-3.1855
11.6167,-3.2258
11.6333,-3.2661
11.65,-3.2863
11.6667,-3.3266
11.6833,-3.3669
11.7,-3.3871
11.7167,-3.4274
11.7333,-3.4677
11.75,-3.4879
11.7667,-3.5282
11.7833,-3.5685
11.8,-3.5887
11.8167,-3.629
11.8333,-3.6492
11.85,-3.6895
11.8667,-3.7298
11.8833,-3.75
11.9,-3.7903
11.9167,-3.8306
11.9333,-3.8508
11.95,-3.8911
11.9667,-3.9315
11.9833,-3.9516
12.0,-3.9919
12.0167,-4.0323
12.0333,-4.0524
12.05,-4.0927
12.0667,-4.1331
12.0833,-4.1532
12.1,-4.1935
12.1167,-4.2339
12.1333,-4.254
12.15,-4.2944
12.1667,-4.3145
12.1833,-4.3548
12.2,-4.3952
12.2167,-4.4153
12.2333,-4.4556
12.25,-4.496
12.2667,-4.5161
12.2833,-4.5565
12.3,-4.5968
12.3167,-4.6169
12.3333,-4.6573
12.35,-4.6976
12.3667,-4.7177
12.3833,-4.7581
12.4,-4.7984
12.4167,-4.8185
12.4333,-4.8589
12.45,-4.8992
12.4667,-4.9194
12.4833,-4.9597
12.5,-5.0
12.5167,-5.0202
12.5333,-5.0605
12.55,-5.0806
12.5667,-5.121
12.5833,-5.1613
12.6,-5.1815
12.6167,-5.2218
12.6333,-5.2621
12.65,-5.2823
12.6667,-5.3226
12.6833,-5.3629
12.7,-5.3831
12.7167,-5.4234
12.7333,-5.4637
12.75,-5.4839
12.7667,-5.5242
12.7833,-5.5645
12.8,-5.5847
12.8167,-5.625
12.8333,-5.6653
12.85,-5.6855
12.8667,-5.7258
12.8833,-5.7661
12.9,-5.7863
12.9167,-5.8266
12.9333,-5.8669
12.95,-5.8871
12.9667,-5.9274
12.9833,-5.9476
13.0,-5.9879
13.0167,-6.0282
13.0333,-6.0484
13.05,-6.0887
13.0667,-6.129
13.0833,-6.1492
13.1,-6.1895
13.1167,-6.2298
13.1333,-6.25
13.15,-6.2903
13.1667,-6.3306
13.1833,-6.3508
13.2,-6.3911
13.2167,-6.4315
13.2333,-6.4516
13.25,-6.4919
13.2667,-6.5323
13.2833,-6.5524
13.3,-6.5927
13.3167,-6.6331
13.3333,-6.6532
13.35,-6.6935
13.3667,-6.7339
13.3833,-6.754
13.4,-6.7944
13.4167,-6.8145
13.4333,-6.8548
13.45,-6.8952
13.4667,-6.9153
13.4833,-6.9556
13.5,-6.996
13.5167,-7.0161
13.5333,-7.0565
13.55,-7.0968
13.5667,-7.1169
13.5833,-7.1573
13.6,-7.1976
13.6167,-7.2177
13.6333,-7.2581
13.65,-7.2984
13.6667,-7.3185
13.6833,-7.3589
13.7,-7.3992
13.7167,-7.4194
13.7333,-7.4597
13.75,-7.5
13.7667,-7.5202
13.7833,-7.5605
13.8,-7.6008
13.8167,-7.621
13.8333,-7.6613
13.85,-7.7016
13.8667,-7.7218
13.8833,-7.7621
13.9,-7.7823
13.9167,-7.8226
13.9333,-7.8629
13.95,-7.8831
13.9667,-7.9234
13.9833,-7.9637
14.0,-7.9839
14.0167,-8.0242
14.0333,-8.0645
14.05,-8.0847
14.0667,-8.125
14.0833,-8.1653
14.1,-8.1855
14.1167,-8.2258
14.1333,-8.2661
14.15,-8.2863
14.1667,-8.3266
14.1833,-8.3669
14.2,-8.3871
14.2167,-8.4274
14.2333,-8.4677
14.25,-8.4879
14.2667,-8.5282
14.2833,-8.5685
14.3,-8.5887
14.3167,-8.629
14.3333,-8.6694
14.35,-8.6895
14.3667,-8.7298
14.3833,-8.7702
14.4,-8.7903
14.4167,-8.8306
14.4333,-8.871
14.45,-8.8911
14.4667,-8.9315
14.4833,-8.9718
14.5,-8.9919
14.5167,-9.0323
14.5333,-9.0726
14.55,-9.0927
14.5667,-9.1331
14.5833,-9.1532
14.6,-9.1935
14.6167,-9.2339
14.6333,-9.254
14.65,-9.2944
14.6667,-9.3347
14.6833,-9.3548
14.7,-9.3952
14.7167,-9.4355
14.7333,-9.4556
14.75,-9.496
14.7667,-9.5363
14.7833,-9.5565
14.8,-9.5968
14.8167,-9.6371
14.8333,-9.6573
14.85,-9.6976
14.8667,-9.7379
14.8833,-9.7581
14.9,-9.7984
14.9167,-9.8387
14.9333,-9.8589
14.95,-9.8992
14.9667,-9.9395
14.9833,-9.9597
15.0,-10.0
15.0167,-9.9597
15.0333,-9.9395
15.05,-9.8992
15.0667,-9.8589
15.0833,-9.8387
15.1,-9.7984
15.1167,-9.7581
15.1333,-9.7379
15.15,-9.6976
15.1667,-9.6573
15.1833,-9.6371
15.2,-9.5968
15.2167,-9.5565
15.2333,-9.5363
15.25,-9.496
15.2667,-9.4556
15.2833,-9.4355
15.3,-9.3952
15.3167,-9.3548
15.3333,-9.3347
15.35,-9.2944
15.3667,-9.254
15.3833,-9.2339
15.4,-9.1935
15.4167,-9.1532
15.4333,-9.1331
15.45,-9.0927
15.4667,-9.0726
15.4833,-9.0323
15.5,-8.9919
15.5167,-8.9718
15.5333,-8.9315
15.55,-8.8911
15.5667,-8.871
15.5833,-8.8306
15.6,-8.7903
15.6167,-8.7702
15.6333,-8.7298
15.65,-8.6895
15.6667,-8.6694
15.6833,-8.629
15.7,-8.5887
15.7167,-8.5685
15.7333,-8.5282
15.75,-8.4879
15.7667,-8.4677
15.7833,-8.4274
15.8,-8.3871
15.8167,-8.3669
15.8333,-8.3266
15.85,-8.2863
15.8667,-8.2661
15.8833,-8.2258
15.9,-8.1855
15.9167,-8.1653
15.9333,-8.125
15.95,-8.0847
15.9667,-8.0645
15.9833,-8.0242
16.0,-7.9839
16.0167,-7.9637
16.0333,-7.9234
16.05,-7.8831
16.0667,-7.8629
16.0833,-7.8226
16.1,-7.7823
16.1167,-7.7621
16.1333,-7.7218
16.15,-7.7016
16.1667,-7.6613
16.1833,-7.621
16.2,-7.6008
16.2167,-7.5605
16.2333,-7.5202
16.25,-7.5
16.2667,-7.4597
16.2833,-7.4194
16.3,-7.3992
16.3167,-7.3589
16.3333,-7.3185
16.35,-7.2984
16.3667,-7.2581
16.3833,-7.2177
16.4,-7.1976
16.4167,-7.1573
16.4333,-7.1169
16.45,-7.0968
16.4667,-7.0565
16.4833,-7.0161
16.5,-6.996
16.5167,-6.9556
16.5333,-6.9153
16.55,-6.8952
16.5667,-6.8548
16.5833,-6.8145
16.6,-6.7944
16.6167,-6.754
16.6333,-6.7339
16.65,-6.6935
16.6667,-6.6532
16.6833,-6.6331
16.7,-6.5927
16.7167,-6.5524
16.7333,-6.5323
16.75,-6.4919
16.7667,-6.4516
16.7833,-6.4315
16.8,-6.3911
16.8167,-6.3508
16.8333,-6.3306
16.85,-6.2903
16.8667,-6.25
16.8833,-6.2298
16.9,-6.1895
16.9167,-6.1492
16.9333,-6.129
16.95,-6.0887
16.9667,-6.0484
16.9833,-6.0282
17.0,-5.9879
17.0167,-5.9476
17.0333,-5.9274
17.05,-5.8871
17.0667,-5.8669
17.0833,-5.8266
17.1,-5.7863
17.1167,-5.7661
17.1333,-5.7258
17.15,-5.6855
17.1667,-5.6653
17.1833,-5.625
17.2,-5.5847
17.2167,-5.5645
17.2333,-5.5242
17.25,-5.4839
17.2667,-5.4637
17.2833,-5.4234
17.3,-5.3831
17.3167,-5.3629
17.3333,-5.3226
17.35,-5.2823
17.3667,-5.2621
17.3833,-5.2218
17.4,-5.1815
17.4167,-5.1613
17.4333,-5.121
17.45,-5.0806
17.4667,-5.0605
17.4833,-5.0202
17.5,-5.0
17.5167,-4.9597
17.5333,-4.9194
17.55,-4.8992
17.5667,-4.8589
17.5833,-4.8185
17.6,-4.7984
17.6167,-4.7581
17.6333,-4.7177
17.65,-4.6976
17.6667,-4.6573
17.6833,-4.6169
17.7,-4.5968
17.7167,-4.5565
17.7333,-4.5161
17.75,-4.496
17.7667,-4.4556
17.7833,-4.4153
17.8,-4.3952
17.8167,-4.3548
17.8333,-4.3145
17.85,-4.2944
17.8667,-4.254
17.8833,-4.2339
17.9,-4.1935
17.9167,-4.1532
17.9333,-4.1331
17.95,-4.0927
17.9667,-4.0524
17.9833,-4.0323
18.0,-3.9919
18.0167,-3.9516
18.0333,-3.9315
18.05,-3.8911
18.0667,-3.8508
18.0833,-3.8306
18.1,-3.7903
18.1167,-3.75
18.1333,-3.7298
18.15,-3.6895
18.1667,-3.6492
18.1833,-3.629
18.2,-3.5887
18.2167,-3.5685
18.2333,-3.5282
18.25,-3.4879
18.2667,-3.4677
18.2833,-3.4274
18.3,-3.3871
18.3167,-3.3669
18.3333,-3.3266
18.35,-3.2863
18.3667,-3.2661
18.3833,-3.2258
18.4,-3.1855
18.4167,-3.1653
18.4333,-3.125
18.45,-3.0847
18.4667,-3.0645
18.4833,-3.0242
18.5,-2.9839
18.5167,-2.9637
18.5333,-2.9234
18.55,-2.9032
18.5667,-2.8629
18.5833,-2.8226
18.6,-2.8024
18.6167,-2.7621
18.6333,-2.7218
18.65,-2.7016
18.6667,-2.6613
18.6833,-2.621
18.7,-2.6008
18.7167,-2.5605
18.7333,-2.5202
18.75,-2.5
18.7667,-2.4597
18.7833,-2.4194
18.8,-2.3992
18.8167,-2.3589
18.8333,-2.3185
18.85,-2.2984
18.8667,-2.2581
18.8833,-2.2379
18.9,-2.1976
18.9167,-2.1573
18.9333,-2.1371
18.95,-2.0968
18.9667,-2.0565
18.9833,-2.0363
19.0,-1.996
19.0167,-1.9556
19.0333,-1.9355
19.05,-1.8952
19.0667,-1.8548
19.0833,-1.8347
19.1,-1.7944
19.1167,-1.754
19.1333,-1.7339
19.15,-1.6935
19.1667,-1.6532
19.1833,-1.6331
19.2,-1.5927
19.2167,-1.5726
19.2333,-1.5323
19.25,-1.4919
19.2667,-1.4718
19.2833,-1.4315
19.3,-1.3911
19.3167,-1.371
19.3333,-1.3306
19.35,-1.2903
19.3667,-1.2702
19.3833,-1.2298
19.4,-1.1895
19.4167,-1.1694
19.4333,-1.129
19.45,-1.0887
19.4667,-1.0685
19.4833,-1.0282
19.5,-0.9879
19.5167,-0.9677
19.5333,-0.9274
19.55,-0.9073
19.5667,-0.8669
19.5833,-0.8266
19.6,-0.8065
19.6167,-0.7661
19.6333,-0.7258
19.65,-0.7056
19.6667,-0.6653
19.6833,-0.625
19.7,-0.6048
19.7167,-0.5645
19.7333,-0.5242
19.75,-0.504
19.7667,-0.4637
19.7833,-0.4234
19.8,-0.4032
19.8167,-0.3629
19.8333,-0.3226
19.85,-0.3024
19.8667,-0.2621
19.8833,-0.2419
19.9,-0.2016
19.9167,-0.1613
19.9333,-0.1411
19.95,-0.1008
19.9667,-0.0605
19.9833,-0.0403
20.0,0.0
20.0167,0.0403
20.0333,0.0605
20.05,0.1008
20.0667,0.1411
20.0833,0.1613
20.1,0.2016
20.1167,0.2419
20.1333,0.2621
20.15,0.3024
20.1667,0.3226
20.1833,0.3629
20.2,0.4032
20.2167,0.4234
20.2333,0.4637
20.25,0.504
20.2667,0.5242
20.2833,0.5645
20.3,0.6048
20.3167,0.625
20.3333,0.6653
20.35,0.7056
20.3667,0.7258
20.3833,0.7661
20.4,0.8065
20.4167,0.8266
20.4333,0.8669
20.45,0.9073
20.4667,0.9274
20.4833,0.9677
20.5,0.9879
20.5167,1.0282
20.5333,1.0685
20.55,1.0887
20.5667,1.129
20.5833,1.1694
20.6,1.1895
20.6167,1.2298
20.6333,1.2702
20.65,1.2903
20.6667,1.3306
20.6833,1.371
20.7,1.3911
20.7167,1.4315
20.7333,1.4718
20.75,1.4919
20.7667,1.5323
20.7833,1.5726
20.8,1.5927
20.8167,1.6331
20.8333,1.6532
20.85,1.6935
20.8667,1.7339
20.8833,1.754
20.9,1.7944
20.9167,1.8347
20.9333,1.8548
20.95,1.8952
20.9667,1.9355
20.9833,1.9556
21.0,1.996
21.0167,2.0363
21.0333,2.0565
21.05,2.0968
21.0667,2.1371
21.0833,2.1573
21.1,2.1976
21.1167,2.2379
21.1333,2.2581
21.15,2.2984
21.1667,2.3185
21.1833,2.3589
21.2,2.3992
21.2167,2.4194
21.2333,2.4597
21.25,2.5
21.2667,2.5202
21.2833,2.5605
21.3,2.6008
21.3167,2.621
21.3333,2.6613
21.35,2.7016
21.3667,2.7218
21.3833,2.7621
21.4,2.8024
21.4167,2.8226
21.4333,2.8629
21.45,2.9032
21.4667,2.9234
21.4833,2.9637
21.5,2.9839
21.5167,3.0242
21.5333,3.0645
21.55,3.0847
21.5667,3.125
21.5833,3.1653
21.6,3.1855
21.6167,3.2258
21.6333,3.2661
21.65,3.2863
21.6667,3.3266
21.6833,3.3669
21.7,3.3871
21.7167,3.4274
21.7333,3.4677
21.75,3.4879
21.7667,3.5282
21.7833,3.5685
21.8,3.5887
21.8167,3.629
21.8333,3.6492
21.85,3.6895
21.8667,3.7298
21.8833,3.75
21.9,3.7903
21.9167,3.8306
21.9333,3.8508
21.95,3.8911
21.9667,3.9315
21.9833,3.9516
22.0,3.9919
22.0167,4.0323
22.0333,4.0524
22.05,4.0927
22.0667,4.1331
22.0833,4.1532
22.1,4.1935
22.1167,4.2339
22.1333,4.254
22.15,4.2944
22.1667,4.3145
22.1833,4.3548
22.2,4.3952
22.2167,4.4153
22.2333,4.4556
22.25,4.496
22.2667,4.5161
22.2833,4.5565
22.3,4.5968
22.3167,4.6169
22.3333,4.6573
22.35,4.6976
22.3667,4.7177
22.3833,4.7581
22.4,4.7984
22.4167,4.8185
22.4333,4.8589
22.45,4.8992
22.4667,4.9194
22.4833,4.9597
22.5,5.0
22.5167,5.0202
22.5333,5.0605
22.55,5.0806
22.5667,5.121
22.5833,5.1613
22.6,5.1815
22.6167,5.2218
22.6333,5.2621
22.65,5.2823
22.6667,5.3226
22.6833,5.3629
22.7,5.3831
22.7167,5.4234
22.7333,5.4637
22.75,5.4839
22.7667,5.5242
22.7833,5.5645
22.8,5.5847
22.8167,5.625
22.8333,5.6653
22.85,5.6855
22.8667,5.7258
22.8833,5.7661
22.9,5.7863
22.9167,5.8266
22.9333,5.8669
22.95,5.8871
22.9667,5.9274
22.9833,5.9476
23.0,5.9879
23.0167,6.0282
23.0333,6.0484
23.05,6.0887
23.0667,6.129
23.0833,6.1492
23.1,6.1895
23.1167,6.2298
23.1333,6.25
23.15,6.2903
23.1667,6.3306
23.1833,6.3508
23.2,6.3911
23.2167,6.4315
23.2333,6.4516
23.25,6.4919
23.2667,6.5323
23.2833,6.5524
23.3,6.5927
23.3167,6.6331
23.3333,6.6532
23.35,6.6935
23.3667,6.7339
23.3833,6.754
23.4,6.7944
23.4167,6.8145
23.4333,6.8548
23.45,6.8952
23.4667,6.9153
23.4833,6.9556
23.5,6.996
23.5167,7.0161
23.5333,7.0565
23.55,7.0968
23.5667,7.1169
23.5833,7.1573
23.6,7.1976
23.6167,7.2177
23.6333,7.2581
23.65,7.2984
23.6667,7.3185
23.6833,7.3589
23.7,7.3992
23.7167,7.4194
23.7333,7.4597
23.75,7.5
23.7667,7.5202
23.7833,7.5605
23.8,7.6008
23.8167,7.621
23.8333,7.6613
23.85,7.7016
23.8667,7.7218
23.8833,7.7621
23.9,7.7823
23.9167,7.8226
23.9333,7.8629
23.95,7.8831
23.9667,7.9234
23.9833,7.9637
24.0,7.9839
24.0167,8.0242
24.0333,8.0645
24.05,8.0847
24.0667,8.125
24.0833,8.1653
24.1,8.1855
24.1167,8.2258
24.1333,8.2661
24.15,8.2863
24.1667,8.3266
24.1833,8.3669
24.2,8.3871
24.2167,8.4274
24.2333,8.4677
24.25,8.4879
24.2667,8.5282
24.2833,8.5685
24.3,8.5887
24.3167,8.629
24.3333,8.6694
24.35,8.6895
24.3667,8.7298
24.3833,8.7702
24.4,8.7903
24.4167,8.8306
24.4333,8.871
24.45,8.8911
24.4667,8.9315
24.4833,8.9718
24.5,8.9919
24.5167,9.0323
24.5333,9.0726
24.55,9.0927
24.5667,9.1331
24.5833,9.1532
24.6,9.1935
24.6167,9.2339
24.6333,9.254
24.65,9.2944
24.6667,9.3347
24.6833,9.3548
24.7,9.3952
24.7167,9.4355
24.7333,9.4556
24.75,9.496
24.7667,9.5363
24.7833,9.5565
24.8,9.5968
24.8167,9.6371
24.8333,9.6573
24.85,9.6976
24.8667,9.7379
24.8833,9.7581
24.9,9.7984
24.9167,9.8387
24.9333,9.8589
24.95,9.8992
24.9667,9.9395
24.9833,9.9597
25.0,10.0
25.0167,9.9597
25.0333,9.9395
25.05,9.8992
25.0667,9.8589
25.0833,9.8387
25.1,9.7984
25.1167,9.7581
25.1333,9.7379
25.15,9.6976
25.1667,9.6573
25.1833,9.6371
25.2,9.5968
25.2167,9.5565
25.2333,9.5363
25.25,9.496
25.2667,9.4556
25.2833,9.4355
25.3,9.3952
25.3167,9.3548
25.3333,9.3347
25.35,9.2944
25.3667,9.254
25.3833,9.2339
25.4,9.1935
25.4167,9.1532
25.4333,9.1331
25.45,9.0927
25.4667,9.0726
25.4833,9.0323
25.5,8.9919
25.5167,8.9718
25.5333,8.9315
25.55,8.8911
25.5667,8.871
25.5833,8.8306
25.6,8.7903
25.6167,8.7702
25.6333,8.7298
25.65,8.6895
25.6667,8.6694
25.6833,8.629
25.7,8.5887
25.7167,8.5685
25.7333,8.5282
25.75,8.4879
25.7667,8.4677
25.7833,8.4274
25.8,8.3871
25.8167,8.3669
25.8333,8.3266
25.85,8.2863
25.8667,8.2661
25.8833,8.2258
25.9,8.1855
25.9167,8.1653
25.9333,8.125
25.95,8.0847
25.9667,8.0645
25.9833,8.0242
26.0,7.9839
26.0167,7.9637
26.0333,7.9234
26.05,7.8831
26.0667,7.8629
26.0833,7.8226
26.1,7.7823
26.1167,7.7621
26.1333,7.7218
26.15,7.7016
26.1667,7.6613
26.1833,7.621
26.2,7.6008
26.2167,7.5605
26.2333,7.5202
26.25,7.5
26.2667,7.4597
26.2833,7.4194
26.3,7.3992
26.3167,7.3589
26.3333,7.3185
26.35,7.2984
26.3667,7.2581
26.3833,7.2177
26.4,7.1976
26.4167,7.1573
26.4333,7.1169
26.45,7.0968
26.4667,7.0565
26.4833,7.0161
26.5,6.996
26.5167,6.9556
26.5333,6.9153
26.55,6.8952
26.5667,6.8548
26.5833,6.8145
26.6,6.7944
26.6167,6.754
26.6333,6.7339
26.65,6.6935
26.6667,6.6532
26.6833,6.6331
26.7,6.5927
26.7167,6.5524
26.7333,6.5323
26.75,6.4919
26.7667,6.4516
26.7833,6.4315
26.8,6.3911
26.8167,6.3508
26.8333,6.3306
26.85,6.2903
26.8667,6.25
26.8833,6.2298
26.9,6.1895
26.9167,6.1492
26.9333,6.129
26.95,6.0887
26.9667,6.0484
26.9833,6.0282
27.0,5.9879
27.0167,5.9476
27.0333,5.9274
27.05,5.8871
27.0667,5.8669
27.0833,5.8266
27.1,5.7863
27.1167,5.7661
27.1333,5.7258
27.15,5.6855
27.1667,5.6653
27.1833,5.625
27.2,5.5847
27.2167,5.5645
27.2333,5.5242
27.25,5.4839
27.2667,5.4637
27.2833,5.4234
27.3,5.3831
27.3167,5.3629
27.3333,5.3226
27.35,5.2823
27.3667,5.2621
27.3833,5.2218
27.4,5.1815
27.4167,5.1613
27.4333,5.121
27.45,5.0806
27.4667,5.0605
27.4833,5.0202
27.5,5.0
27.5167,4.9597
27.5333,4.9194
27.55,4.8992
27.5667,4.8589
27.5833,4.8185
27.6,4.7984
27.6167,4.7581
27.6333,4.7177
27.65,4.6976
27.6667,4.6573
27.6833,4.6169
27.7,4.5968
27.7167,4.5565
27.7333,4.5161
27.75,4.496
27.7667,4.4556
27.7833,4.4153
27.8,4.3952
27.8167,4.3548
27.8333,4.3145
27.85,4.2944
27.8667,4.254
27.8833,4.2339
27.9,4.1935
27.9167,4.1532
27.9333,4.1331
27.95,4.0927
27.9667,4.0524
27.9833,4.0323
28.0,3.9919
28.0167,3.9516
28.0333,3.9315
28.05,3.8911
28.0667,3.8508
28.0833,3.8306
28.1,3.7903
28.1167,3.75
28.1333,3.7298
28.15,3.6895
28.1667,3.6492
28.1833,3.629
28.2,3.5887
28.2167,3.5685
28.2333,3.5282
28.25,3.4879
28.2667,3.4677
28.2833,3.4274
28.3,3.3871
28.3167,3.3669
28.3333,3.3266
28.35,3.2863
28.3667,3.2661
28.3833,3.2258
28.4,3.1855
28.4167,3.1653
28.4333,3.125
28.45,3.0847
28.4667,3.0645
28.4833,3.0242
28.5,2.9839
28.5167,2.9637
28.5333,2.9234
28.55,2.9032
28.5667,2.8629
28.5833,2.8226
28.6,2.8024
28.6167,2.7621
28.6333,2.7218
28.65,2.7016
28.6667,2.6613
28.6833,2.621
28.7,2.6008
28.7167,2.5605
28.7333,2.5202
28.75,2.5
28.7667,2.4597
28.7833,2.4194
28.8,2.3992
28.8167,2.3589
28.8333,2.3185
28.85,2.2984
28.8667,2.2581
28.8833,2.2379
28.9,2.1976
28.9167,2.1573
28.9333,2.1371
28.95,2.0968
28.9667,2.0565
28.9833,2.0363
29.0,1.996
29.0167,1.9556
29.0333,1.9355
29.05,1.8952
29.0667,1.8548
29.0833,1.8347
29.1,1.7944
29.1167,1.754
29.1333,1.7339
29.15,1.6935
29.1667,1.6532
29.1833,1.6331
29.2,1.5927
29.2167,1.5726
29.2333,1.5323
29.25,1.4919
29.2667,1.4718
29.2833,1.4315
29.3,1.3911
29.3167,1.371
29.3333,1.3306
29.35,1.2903
29.3667,1.2702
29.3833,1.2298
29.4,1.1895
29.4167,1.1694
29.4333,1.129
29.45,1.0887
29.4667,1.0685
29.4833,1.0282
29.5,0.9879
29.5167,0.9677
29.5333,0.9274
29.55,0.9073
29.5667,0.8669
29.5833,0.8266
29.6,0.8065
29.6167,0.7661
29.6333,0.7258
29.65,0.7056
29.6667,0.6653
29.6833,0.625
29.7,0.6048
29.7167,0.5645
29.7333,0.5242
29.75,0.504
29.7667,0.4637
29.7833,0.4234
29.8,0.4032
29.8167,0.3629
29.8333,0.3226
29.85,0.3024
29.8667,0.2621
29.8833,0.2419
29.9,0.2016
29.9167,0.1613
29.9333,0.1411
29.95,0.1008
29.9667,0.0605
29.9833,0.0403
30.0,0.0
30.0167,-0.0403
30.0333,-0.0605
30.05,-0.1008
30.0667,-0.1411
30.0833,-0.1613
30.1,-0.2016
30.1167,-0.2419
30.1333,-0.2621
30.15,-0.3024
30.1667,-0.3226
30.1833,-0.3629
30.2,-0.4032
30.2167,-0.4234
30.2333,-0.4637
30.25,-0.504
30.2667,-0.5242
30.2833,-0.5645
30.3,-0.6048
30.3167,-0.625
30.3333,-0.6653
30.35,-0.7056
30.3667,-0.7258
30.3833,-0.7661
30.4,-0.8065
30.4167,-0.8266
30.4333,-0.8669
30.45,-0.9073
30.4667,-0.9274
30.4833,-0.9677
30.5,-0.9879
30.5167,-1.0282
30.5333,-1.0685
30.55,-1.0887
30.5667,-1.129
30.5833,-1.1694
30.6,-1.1895
30.6167,-1.2298
30.6333,-1.2702
30.65,-1.2903
30.6667,-1.3306
30.6833,-1.371
30.7,-1.3911
30.7167,-1.4315
30.7333,-1.4718
30.75,-1.4919
30.7667,-1.5323
30.7833,-1.5726
30.8,-1.5927
30.8167,-1.6331
30.8333,-1.6532
30.85,-1.6935
30.8667,-1.7339
30.8833,-1.754
30.9,-1.7944
30.9167,-1.8347
30.9333,-1.8548
30.95,-1.8952
30.9667,-1.9355
30.9833,-1.9556
31.0,-1.996
31.0167,-2.0363
31.0333,-2.0565
31.05,-2.0968
31.0667,-2.1371
31.0833,-2.1573
31.1,-2.1976
31.1167,-2.2379
31.1333,-2.2581
31.15,-2.2984
31.1667,-2.3185
31.1833,-2.3589
31.2,-2.3992
31.2167,-2.4194
31.2333,-2.4597
31.25,-2.5
31.2667,-2.5202
31.2833,-2.5605
31.3,-2.6008
31.3167,-2.621
31.3333,-2.6613
31.35,-2.7016
31.3667,-2.7218
31.3833,-2.7621
31.4,-2.8024
31.4167,-2.8226
31.4333,-2.8629
31.45,-2.9032
31.4667,-2.9234
31.4833,-2.9637
31.5,-2.9839
31.5167,-3.0242
31.5333,-3.0645
31.55,-3.0847
31.5667,-3.125
31.5833,-3.1653
31.6,-3.1855
31.6167,-3.2258
31.6333,-3.2661
31.65,-3.2863
31.6667,-3.3266
31.6833,-3.3669
31.7,-3.3871
31.7167,-3.4274
31.7333,-3.4677
31.75,-3.4879
31.7667,-3.5282
31.7833,-3.5685
31.8,-3.5887
31.8167,-3.629
31.8333,-3.6492
31.85,-3.6895
31.8667,-3.7298
31.8833,-3.75
31.9,-3.7903
31.9167,-3.8306
31.9333,-3.8508
31.95,-3.8911
31.9667,-3.9315
31.9833,-3.9516
32.0,-3.9919
32.0167,-4.0323
32.0333,-4.0524
32.05,-4.0927
32.0667,-4.1331
32.0833,-4.1532
32.1,-4.1935
32.1167,-4.2339
32.1333,-4.254
32.15,-4.2944
32.1667,-4.3145
32.1833,-4.3548
32.2,-4.3952
32.2167,-4.4153
32.2333,-4.4556
32.25,-4.496
32.2667,-4.5161
32.2833,-4.5565
32.3,-4.5968
32.3167,-4.6169
32.3333,-4.6573
32.35,-4.6976
32.3667,-4.7177
32.3833,-4.7581
32.4,-4.7984
32.4167,-4.8185
32.4333,-4.8589
32.45,-4.8992
32.4667,-4.9194
32.4833,-4.9597
32.5,-5.0
32.5167,-5.0202
32.5333,-5.0605
32.55,-5.0806
32.5667,-5.121
32.5833,-5.1613
32.6,-5.1815
32.6167,-5.2218
32.6333,-5.2621
32.65,-5.2823
32.6667,-5.3226
32.6833,-5.3629
32.7,-5.3831
32.7167,-5.4234
32.7333,-5.4637
32.75,-5.4839
32.7667,-5.5242
32.7833,-5.5645
32.8,-5.5847
32.8167,-5.625
32.8333,-5.6653
32.85,-5.6855
32.8667,-5.7258
32.8833,-5.7661
32.9,-5.7863
32.9167,-5.8266
32.9333,-5.8669
32.95,-5.8871
32.9667,-5.9274
32.9833,-5.9476
33.0,-5.9879
33.0167,-6.0282
33.0333,-6.0484
33.05,-6.0887
33.0667,-6.129
33.0833,-6.1492
33.1,-6.1895
33.1167,-6.2298
33.1333,-6.25
33.15,-6.2903
33.1667,-6.3306
33.1833,-6.3508
33.2,-6.3911
33.2167,-6.4315
33.2333,-6.4516
33.25,-6.4919
33.2667,-6.5323
33.2833,-6.5524
33.3,-6.5927
33.3167,-6.6331
33.3333,-6.6532
33.35,-6.6935
33.3667,-6.7339
33.3833,-6.754
33.4,-6.7944
33.4167,-6.8145
33.4333,-6.8548
33.45,-6.8952
33.4667,-6.9153
33.4833,-6.9556
33.5,-6.996
33.5167,-7.0161
33.5333,-7.0565
33.55,-7.0968
33.5667,-7.1169
33.5833,-7.1573
33.6,-7.1976
33.6167,-7.2177
33.6333,-7.2581
33.65,-7.2984
33.6667,-7.3185
33.6833,-7.3589
33.7,-7.3992
33.7167,-7.4194
33.7333,-7.4597
33.75,-7.5
33.7667,-7.5202
33.7833,-7.5605
33.8,-7.6008
33.8167,-7.621
33.8333,-7.6613
33.85,-7.7016
33.8667,-7.7218
33.8833,-7.7621
33.9,-7.7823
33.9167,-7.8226
33.9333,-7.8629
33.95,-7.8831
33.9667,-7.9234
33.9833,-7.9637
34.0,-7.9839
34.0167,-8.0242
34.0333,-8.0645
34.05,-8.0847
34.0667,-8.125
34.0833,-8.1653
34.1,-8.1855
34.1167,-8.2258
34.1333,-8.2661
34.15,-8.2863
34.1667,-8.3266
34.1833,-8.3669
34.2,-8.3871
34.2167,-8.4274
34.2333,-8.4677
34.25,-8.4879
34.2667,-8.5282
34.2833,-8.5685
34.3,-8.5887
34.3167,-8.629
34.3333,-8.6694
34.35,-8.6895
34.3667,-8.7298
34.3833,-8.7702
34.4,-8.7903
34.4167,-8.8306
34.4333,-8.871
34.45,-8.8911
34.4667,-8.9315
34.4833,-8.9718
34.5,-8.9919
34.5167,-9.0323
34.5333,-9.0726
34.55,-9.0927
34.5667,-9.1331
34.5833,-9.1532
34.6,-9.1935
34.6167,-9.2339
34.6333,-9.254
34.65,-9.2944
34.6667,-9.3347
34.6833,-9.3548
34.7,-9.3952
34.7167,-9.4355
34.7333,-9.4556
34.75,-9.496
34.7667,-9.5363
34.7833,-9.5565
34.8,-9.5968
34.8167,-9.6371
34.8333,-9.6573
34.85,-9.6976
34.8667,-9.7379
34.8833,-9.7581
34.9,-9.7984
34.9167,-9.8387
34.9333,-9.8589
34.95,-9.8992
34.9667,-9.9395
34.9833,-9.9597
35.0,-10.0
35.0167,-9.9597
35.0333,-9.9395
35.05,-9.8992
35.0667,-9.8589
35.0833,-9.8387
35.1,-9.7984
35.1167,-9.7581
35.1333,-9.7379
35.15,-9.6976
35.1667,-9.6573
35.1833,-9.6371
35.2,-9.5968
35.2167,-9.5565
35.2333,-9.5363
35.25,-9.496
35.2667,-9.4556
35.2833,-9.4355
35.3,-9.3952
35.3167,-9.3548
35.3333,-9.3347
35.35,-9.2944
35.3667,-9.254
35.3833,-9.2339
35.4,-9.1935
35.4167,-9.1532
35.4333,-9.1331
35.45,-9.0927
35.4667,-9.0726
35.4833,-9.0323
35.5,-8.9919
35.5167,-8.9718
35.5333,-8.9315
35.55,-8.8911
35.5667,-8.871
35.5833,-8.8306
35.6,-8.7903
35.6167,-8.7702
35.6333,-8.7298
35.65,-8.6895
35.6667,-8.6694
35.6833,-8.629
35.7,-8.5887
35.7167,-8.5685
35.7333,-8.5282
35.75,-8.4879
35.7667,-8.4677
35.7833,-8.4274
35.8,-8.3871
35.8167,-8.3669
35.8333,-8.3266
35.85,-8.2863
35.8667,-8.2661
35.8833,-8.2258
35.9,-8.1855
35.9167,-8.1653
35.9333,-8.125
35.95,-8.0847
35.9667,-8.0645
35.9833,-8.0242
36.0,-7.9839
36.0167,-7.9637
36.0333,-7.9234
36.05,-7.8831
36.0667,-7.8629
36.0833,-7.8226
36.1,-7.7823
36.1167,-7.7621
36.1333,-7.7218
36.15,-7.7016
36.1667,-7.6613
36.1833,-7.621
36.2,-7.6008
36.2167,-7.5605
36.2333,-7.5202
36.25,-7.5
36.2667,-7.4597
36.2833,-7.4194
36.3,-7.3992
36.3167,-7.3589
36.3333,-7.3185
36.35,-7.2984
36.3667,-7.2581
36.3833,-7.2177
36.4,-7.1976
36.4167,-7.1573
36.4333,-7.1169
36.45,-7.0968
36.4667,-7.0565
36.4833,-7.0161
36.5,-6.996
36.5167,-6.9556
36.5333,-6.9153
36.55,-6.8952
36.5667,-6.8548
36.5833,-6.8145
36.6,-6.7944
36.6167,-6.754
36.6333,-6.7339
36.65,-6.6935
36.6667,-6.6532
36.6833,-6.6331
36.7,-6.5927
36.7167,-6.5524
36.7333,-6.5323
36.75,-6.4919
36.7667,-6.4516
36.7833,-6.4315
36.8,-6.3911
36.8167,-6.3508
36.8333,-6.3306
36.85,-6.2903
36.8667,-6.25
36.8833,-6.2298
36.9,-6.1895
36.9167,-6.1492
36.9333,-6.129
36.95,-6.0887
36.9667,-6.0484
36.9833,-6.0282
37.0,-5.9879
37.0167,-5.9476
37.0333,-5.9274
37.05,-5.8871
37.0667,-5.8669
37.0833,-5.8266
37.1,-5.7863
37.1167,-5.7661
37.1333,-5.7258
37.15,-5.6855
37.1667,-5.6653
37.1833,-5.625
37.2,-5.5847
37.2167,-5.5645
37.2333,-5.5242
37.25,-5.4839
37.2667,-5.4637
37.2833,-5.4234
37.3,-5.3831
37.3167,-5.3629
37.3333,-5.3226
37.35,-5.2823
37.3667,-5.2621
37.3833,-5.2218
37.4,-5.1815
37.4167,-5.1613
37.4333,-5.121
37.45,-5.0806
37.4667,-5.0605
37.4833,-5.0202
37.5,-5.0
37.5167,-4.9597
37.5333,-4.9194
37.55,-4.8992
37.5667,-4.8589
37.5833,-4.8185
37.6,-4.7984
37.6167,-4.7581
37.6333,-4.7177
37.65,-4.6976
37.6667,-4.6573
37.6833,-4.6169
37.7,-4.5968
37.7167,-4.5565
37.7333,-4.5161
37.75,-4.496
37.7667,-4.4556
37.7833,-4.4153
37.8,-4.3952
37.8167,-4.3548
37.8333,-4.3145
37.85,-4.2944
37.8667,-4.254
37.8833,-4.2339
37.9,-4.1935
37.9167,-4.1532
37.9333,-4.1331
37.95,-4.0927
37.9667,-4.0524
37.9833,-4.0323
38.0,-3.9919
38.0167,-3.9516
38.0333,-3.9315
38.05,-3.8911
38.0667,-3.8508
38.0833,-3.8306
38.1,-3.7903
38.1167,-3.75
38.1333,-3.7298
38.15,-3.6895
38.1667,-3.6492
38.1833,-3.629
38.2,-3.5887
38.2167,-3.5685
38.2333,-3.5282
38.25,-3.4879
38.2667,-3.4677
38.2833,-3.4274
38.3,-3.3871
38.3167,-3.3669
38.3333,-3.3266
38.35,-3.2863
38.3667,-3.2661
38.3833,-3.2258
38.4,-3.1855
38.4167,-3.1653
38.4333,-3.125
38.45,-3.0847
38.4667,-3.0645
38.4833,-3.0242
38.5,-2.9839
38.5167,-2.9637
38.5333,-2.9234
38.55,-2.9032
38.5667,-2.8629
38.5833,-2.8226
38.6,-2.8024
38.6167,-2.7621
38.6333,-2.7218
38.65,-2.7016
38.6667,-2.6613
38.6833,-2.621
38.7,-2.6008
38.7167,-2.5605
38.7333,-2.5202
38.75,-2.5
38.7667,-2.4597
38.7833,-2.4194
38.8,-2.3992
38.8167,-2.3589
38.8333,-2.3185
38.85,-2.2984
38.8667,-2.2581
38.8833,-2.2379
38.9,-2.1976
38.9167,-2.1573
38.9333,-2.1371
38.95,-2.0968
38.9667,-2.0565
38.9833,-2.0363
39.0,-1.996
39.0167,-1.9556
39.0333,-1.9355
39.05,-1.8952
39.0667,-1.8548
39.0833,-1.8347
39.1,-1.7944
39.1167,-1.754
39.1333,-1.7339
39.15,-1.6935
39.1667,-1.6532
39.1833,-1.6331
39.2,-1.5927
39.2167,-1.5726
39.2333,-1.5323
39.25,-1.4919
39.2667,-1.4718
39.2833,-1.4315
39.3,-1.3911
39.3167,-1.371
39.3333,-1.3306
39.35,-1.2903
39.3667,-1.2702
39.3833,-1.2298
39.4,-1.1895
39.4167,-1.1694
39.4333,-1.129
39.45,-1.0887
39.4667,-1.0685
39.4833,-1.0282
39.5,-0.9879
39.5167,-0.9677
39.5333,-0.9274
39.55,-0.9073
39.5667,-0.8669
39.5833,-0.8266
39.6,-0.8065
39.6167,-0.7661
39.6333,-0.7258
39.65,-0.7056
39.6667,-0.6653
39.6833,-0.625
39.7,-0.6048
39.7167,-0.5645
39.7333,-0.5242
39.75,-0.504
39.7667,-0.4637
39.7833,-0.4234
39.8,-0.4032
39.8167,-0.3629
39.8333,-0.3226
39.85,-0.3024
39.8667,-0.2621
39.8833,-0.2419
39.9,-0.2016
39.9167,-0.1613
39.9333,-0.1411
39.95,-0.1008
39.9667,-0.0605
39.9833,-0.0403
40.0,0.0
40.0167,0.0403
40.0333,0.0605
40.05,0.1008
40.0667,0.1411
40.0833,0.1613
40.1,0.2016
40.1167,0.2419
40.1333,0.2621
40.15,0.3024
40.1667,0.3226
40.1833,0.3629
40.2,0.4032
40.2167,0.4234
40.2333,0.4637
40.25,0.504
40.2667,0.5242
40.2833,0.5645
40.3,0.6048
40.3167,0.625
40.3333,0.6653
40.35,0.7056
40.3667,0.7258
40.3833,0.7661
40.4,0.8065
40.4167,0.8266
40.4333,0.8669
40.45,0.9073
40.4667,0.9274
40.4833,0.9677
40.5,0.9879
40.5167,1.0282
40.5333,1.0685
40.55,1.0887
40.5667,1.129
40.5833,1.1694
40.6,1.1895
40.6167,1.2298
40.6333,1.2702
40.65,1.2903
40.6667,1.3306
40.6833,1.371
40.7,1.3911
40.7167,1.4315
40.7333,1.4718
40.75,1.4919
40.7667,1.5323
40.7833,1.5726
40.8,1.5927
40.8167,1.6331
40.8333,1.6532
40.85,1.6935
40.8667,1.7339
40.8833,1.754
40.9,1.7944
40.9167,1.8347
40.9333,1.8548
40.95,1.8952
40.9667,1.9355
40.9833,1.9556
41.0,1.996
41.0167,2.0363
41.0333,2.0565
41.05,2.0968
41.0667,2.1371
41.0833,2.1573
41.1,2.1976
41.1167,2.2379
41.1333,2.2581
41.15,2.2984
41.1667,2.3185
41.1833,2.3589
41.2,2.3992
41.2167,2.4194
41.2333,2.4597
41.25,2.5
41.2667,2.5202
41.2833,2.5605
41.3,2.6008
41.3167,2.621
41.3333,2.6613
41.35,2.7016
41.3667,2.7218
41.3833,2.7621
41.4,2.8024
41.4167,2.8226
41.4333,2.8629
41.45,2.9032
41.4667,2.9234
41.4833,2.9637
41.5,2.9839
41.5167,3.0242
41.5333,3.0645
41.55,3.0847
41.5667,3.125
41.5833,3.1653
41.6,3.1855
41.6167,3.2258
41.6333,3.2661
41.65,3.2863
41.6667,3.3266
41.6833,3.3669
41.7,3.3871
41.7167,3.4274
41.7333,3.4677
41.75,3.4879
41.7667,3.5282
41.7833,3.5685
41.8,3.5887
41.8167,3.629
41.8333,3.6492
41.85,3.6895
41.8667,3.7298
41.8833,3.75
41.9,3.7903
41.9167,3.8306
41.9333,3.8508
41.95,3.8911
41.9667,3.9315
41.9833,3.9516
42.0,3.9919
42.0167,4.0323
42.0333,4.0524
42.05,4.0927
42.0667,4.1331
42.0833,4.1532
42.1,4.1935
42.1167,4.2339
42.1333,4.254
42.15,4.2944
42.1667,4.3145
42.1833,4.3548
42.2,4.3952
42.2167,4.4153
42.2333,4.4556
42.25,4.496
42.2667,4.5161
42.2833,4.5565
42.3,4.5968
42.3167,4.6169
42.3333,4.6573
42.35,4.6976
42.3667,4.7177
42.3833,4.7581
42.4,4.7984
42.4167,4.8185
42.4333,4.8589
42.45,4.8992
42.4667,4.9194
42.4833,4.9597
42.5,5.0
42.5167,5.0202
42.5333,5.0605
42.55,5.0806
42.5667,5.121
42.5833,5.1613
42.6,5.1815
42.6167,5.2218
42.6333,5.2621
42.65,5.2823
42.6667,5.3226
42.6833,5.3629
42.7,5.3831
42.7167,5.4234
42.7333,5.4637
42.75,5.4839
42.7667,5.5242
42.7833,5.5645
42.8,5.5847
42.8167,5.625
42.8333,5.6653
42.85,5.6855
42.8667,5.7258
42.8833,5.7661
42.9,5.7863
42.9167,5.8266
42.9333,5.8669
42.95,5.8871
42.9667,5.9274
42.9833,5.9476
43.0,5.9879
43.0167,6.0282
43.0333,6.0484
43.05,6.0887
43.0667,6.129
43.0833,6.1492
43.1,6.1895
43.1167,6.2298
43.1333,6.25
43.15,6.2903
43.1667,6.3306
43.1833,6.3508
43.2,6.3911
43.2167,6.4315
43.2333,6.4516
43.25,6.4919
43.2667,6.5323
43.2833,6.5524
43.3,6.5927
43.3167,6.6331
43.3333,6.6532
43.35,6.6935
43.3667,6.7339
43.3833,6.754
43.4,6.7944
43.4167,6.8145
43.4333,6.8548
43.45,6.8952
43.4667,6.9153
43.4833,6.9556
43.5,6.996
43.5167,7.0161
43.5333,7.0565
43.55,7.0968
43.5667,7.1169
43.5833,7.1573
43.6,7.1976
43.6167,7.2177
43.6333,7.2581
43.65,7.2984
43.6667,7.3185
43.6833,7.3589
43.7,7.3992
43.7167,7.4194
43.7333,7.4597
43.75,7.5
43.7667,7.5202
43.7833,7.5605
43.8,7.6008
43.8167,7.621
43.8333,7.6613
43.85,7.7016
43.8667,7.7218
43.8833,7.7621
43.9,7.7823
43.9167,7.8226
43.9333,7.8629
43.95,7.8831
43.9667,7.9234
43.9833,7.9637
44.0,7.9839
44.0167,8.0242
44.0333,8.0645
44.05,8.0847
44.0667,8.125
44.0833,8.1653
44.1,8.1855
44.1167,8.2258
44.1333,8.2661
44.15,8.2863
44.1667,8.3266
44.1833,8.3669
44.2,8.3871
44.2167,8.4274
44.2333,8.4677
44.25,8.4879
44.2667,8.5282
44.2833,8.5685
44.3,8.5887
44.3167,8.629
44.3333,8.6694
44.35,8.6895
44.3667,8.7298
44.3833,8.7702
44.4,8.7903
44.4167,8.8306
44.4333,8.871
44.45,8.8911
44.4667,8.9315
44.4833,8.9718
44.5,8.9919
44.5167,9.0323
44.5333,9.0726
44.55,9.0927
44.5667,9.1331
44.5833,9.1532
44.6,9.1935
44.6167,9.2339
44.6333,9.254
44.65,9.2944
44.6667,9.3347
44.6833,9.3548
44.7,9.3952
44.7167,9.4355
44.7333,9.4556
44.75,9.496
44.7667,9.5363
44.7833,9.5565
44.8,9.5968
44.8167,9.6371
44.8333,9.6573
44.85,9.6976
44.8667,9.7379
44.8833,9.7581
44.9,9.7984
44.9167,9.8387
44.9333,9.8589
44.95,9.8992
44.9667,9.9395
44.9833,9.9597
45.0,10.0
45.0167,10.0
